name,sysname,reaction
"2.4.1.82"
"2.4.1.285"
"2.4.99.19"
"3.2.1.185"
"2.4.1.217"
"3.2.1.41"
"3.2.1.154"
"2.4.1.321"
"3.2.1.53"
"2.4.1.135"
"2.4.1.253"
"3.2.1.11"
"3.2.1.108"
"2.4.1.258"
"2.4.99.1"
"2.3.1.20"
"2.4.1.161"
"2.4.1.256"
"2.4.2.38"
"2.4.1.257"
"1.11.1.14"
"3.2.1.35"
"3.2.1.170"
"3.2.1.101"
"2.4.1.275"
"3.2.1.211"
"3.2.1.106"
"2.4.1.38"
"3.2.1.97"
"2.4.1.248"
"3.2.1.65"
"5.4.99.11"
"2.4.1.260"
"2.4.1.31"
"2.4.1.8"
"2.4.1.279"
"3.5.2.17"
"3.2.1.146"
"3.2.1.174"
"2.4.1.128"
"3.2.1.68"
"3.2.1.14"
"2.4.1.286"
"3.5.1.25"
"1.14.99.53"
"3.2.1.49"
"2.4.1.123"
"3.2.1.57"
"2.4.2.40"
"3.2.1.114"
"2.4.1.247"
"2.4.1.302"
"2.4.1.213"
"4.2.2.20"
"2.4.1.145"
"3.2.1.39"
"3.2.1.7"
"2.4.1.241"
"3.2.1.161"
"3.2.1.51"
"3.2.1.100"
"3.2.1.131"
"2.4.2.26"
"2.4.1.117"
"2.4.1.12"
"3.2.1.10"
"3.2.1.205"
"2.4.1.26"
"3.2.1.126"
"3.2.1.111"
"3.2.1.21"
"3.2.1.164"
"2.4.1.83"
"2.4.1.100"
"3.2.1.208"
"4.2.2.24"
"3.2.1.132"
"3.2.1.48"
"2.4.1.15"
"3.2.1.8"
"3.2.1.86"
"2.4.1.223"
"3.2.1.129"
"2.4.1.281"
"1.6.5.6"
"2.4.1.207"
"2.4.1.58"
"2.4.1.242"
"3.5.1.89"
"3.2.1.61"
"3.2.1.139"
"3.5.1.115"
"3.2.1.177"
"3.2.1.71"
"2.4.1.214"
"1.1.3.7"
"4.2.2.25"
"2.4.1.132"
"4.2.2.7"
"2.4.1.288"
"2.4.1.157"
"3.2.1.162"
"3.5.1.104"
"2.4.1.22"
"3.2.1.135"
"2.4.1.102"
"2.4.1.177"
"2.4.1.121"
"3.2.1.59"
"3.2.1.25"
"5.4.99.30"
"3.2.1.147"
"2.4.1.305"
"5.4.99.16"
"3.2.1.15"
"3.2.1.104"
"4.2.2.1"
"2.4.1.109"
"3.2.1.156"
"3.1.1.6"
"3.2.1.158"
"3.2.1.151"
"3.2.1.70"
"4.2.2.6"
"1.2.3.15"
"2.4.1.25"
"2.4.1.252"
"2.4.1.319"
"3.2.1.37"
"3.2.1.80"
"2.4.1.88"
"2.4.1.131"
"3.2.1.28"
"3.2.1.94"
"2.4.1.13"
"2.4.1.208"
"2.4.1.152"
"1.11.1.13"
"2.4.1.69"
"2.4.1.41"
"3.2.1.82"
"3.2.1.74"
"2.4.1.66"
"3.2.1.17"
"2.4.1.231"
"3.2.1.2"
"3.2.1.145"
"2.4.1.99"
"3.2.1.120"
"1.1.99.18"
"2.4.1.115"
"1.14.99.56"
"3.1.1.74"
"2.4.1.202"
"3.2.1.20"
"3.2.1.24"
"3.5.1.41"
"3.1.1.11"
"3.2.1.88"
"3.2.1.45"
"3.2.1.118"
"3.2.1.76"
"2.4.1.245"
"2.4.1.234"
"2.4.1.18"
"5.4.99.15"
"2.4.2.43"
"3.1.1.73"
"2.4.1.92"
"3.2.1.98"
"3.2.1.107"
"3.2.1.199"
"2.4.1.14"
"2.4.1.211"
"1.1.3.38"
"2.4.1.282"
"2.4.1.65"
"3.2.1.18"
"3.2.1.123"
"2.4.1.237"
"2.4.1.342"
"2.4.1.224"
"3.2.1.89"
"3.2.1.109"
"3.2.1.133"
"2.4.1.266"
"3.2.1.6"
"2.4.99.8"
"2.4.1.238"
"2.4.1.287"
"3.2.1.91"
"2.4.1.221"
"3.2.1.198"
"2.4.1.215"
"3.2.1.116"
"3.1.1.72"
"3.2.1.36"
"2.4.1.185"
"3.2.1.212"
"3.1.1.3"
"3.2.1.125"
"3.2.1.95"
"2.4.1.183"
"2.4.1.150"
"2.4.1.35"
"3.2.1.58"
"3.2.1.50"
"3.2.1.55"
"3.2.1.130"
"2.4.1.33"
"2.4.1.173"
"3.2.1.166"
"2.4.1.140"
"3.2.1.149"
"2.4.1.259"
"4.2.2.10"
"2.4.1.159"
"2.4.1.352"
"3.2.1.204"
"3.2.1.26"
"2.4.1.333"
"3.2.1.54"
"1.11.1.5"
"2.4.1.19"
"3.2.1.117"
"2.4.1.329"
"2.4.1.7"
"3.2.1.176"
"3.2.1.83"
"2.4.1.45"
"3.2.1.23"
"2.4.1.101"
"2.4.1.34"
"2.4.1.11"
"4.2.2.5"
"3.2.1.153"
"3.2.1.85"
"2.4.1.340"
"3.5.1.105"
"3.2.1.152"
"3.2.1.67"
"2.4.1.10"
"2.4.1.339"
"3.2.1.62"
"3.2.1.40"
"2.4.1.27"
"3.1.3.16"
"3.2.1.136"
"1.11.1.11"
"3.2.1.172"
"2.4.1.142"
"3.2.1.105"
"2.4.1.97"
"2.4.1.289"
"3.2.1.46"
"3.2.1.197"
"3.2.1.141"
"2.4.1.216"
"2.4.1.5"
"3.2.1.165"
"3.2.1.175"
"2.4.99.18"
"2.4.1.334"
"2.4.1.290"
"3.2.1.122"
"2.4.1.46"
"3.2.1.60"
"1.1.3.4"
"2.4.1.17"
"2.4.1.49"
"2.4.1.120"
"1.1.3.13"
"2.4.1.155"
"2.4.1.9"
"2.4.1.189"
"2.4.1.67"
"2.4.1.40"
"2.4.1.143"
"2.4.1.359"
"2.4.2.39"
"3.1.3.12"
"3.2.1.181"
"2.4.1.91"
"2.4.1.56"
"4.2.2.9"
"3.2.1.150"
"2.4.1.186"
"3.2.1.178"
"4.2.2.14"
"3.2.1.96"
"3.2.1.119"
"3.5.1.108"
"3.2.1.171"
"3.2.1.22"
"2.4.99.3"
"4.2.2.15"
"2.4.1.225"
"2.4.1.134"
"2.4.1.16"
"2.4.1.129"
"2.4.99.16"
"3.2.1.63"
"4.2.2.23"
"3.2.1.38"
"2.4.1.198"
"3.2.1.92"
"3.2.1.31"
"4.2.2.18"
"2.4.1.2"
"1.14.99.55"
"4.2.2.11"
"3.2.1.103"
"2.4.1.90"
"1.1.3.47"
"1.1.3.16"
"3.2.1.73"
"2.4.1.68"
"2.4.1.222"
"2.4.1.251"
"3.2.1.169"
"2.4.1.4"
"2.4.1.174"
"2.4.1.255"
"2.4.1.320"
"3.2.1.159"
"2.4.1.44"
"3.2.1.173"
"3.2.1.113"
"1.1.99.29"
"4.2.2.17"
"2.4.1.230"
"1.1.3.10"
"3.2.1.102"
"3.2.1.78"
"3.2.1.75"
"2.4.1.87"
"2.4.1.360"
"2.4.1.261"
"2.4.1.283"
"4.2.2.26"
"2.3.1.122"
"3.2.1.64"
"2.4.1.227"
"4.2.2.19"
"2.4.1.175"
"2.4.1.270"
"4.2.2.12"
"2.4.1.374"
"3.2.1.3"
"2.4.1.243"
"2.4.1.20"
"2.4.1.21"
"2.4.99.7"
"3.1.1.41"
"2.4.1.1"
"4.2.2.13"
"2.4.1.265"
"3.2.1.157"
"3.2.1.33"
"3.2.1.52"
"3.2.1.140"
"3.2.1.167"
"2.4.1.203"
"2.4.1.144"
"4.2.2.8"
"2.4.1.149"
"3.2.1.155"
"2.4.1.170"
"4.2.2.3"
"2.4.1.182"
"2.4.99.4"
"1.1.3.9"
"1.11.1.16"
"2.4.1.122"
"2.4.1.194"
"2.4.1.133"
"2.4.1.267"
"3.2.1.4"
"2.4.1.37"
"2.4.1.312"
"3.2.1.99"
"3.2.1.93"
"4.2.2.2"
"3.2.1.32"
"3.2.1.182"
"2.4.1.57"
"3.5.1.80"
"1.10.3.2"
"2.4.99.9"
"4.2.2.16"
"2.4.1.30"
"2.4.99.6"
"3.2.1.81"
"2.4.1.80"
"1.14.99.54"
"2.4.1.212"
"2.4.1.199"
"2.4.1.47"
"3.2.1.1"
"2.4.1.351"
"2.4.1.276"
"2.4.1.226"
"3.2.1.84"
"2.4.1.210"
"2.4.1.195"
"2.4.1.64"
"2.4.1.79"
